HlBW33jr0c;11;pera;ODUSTANAK;800.0;VIP;Predstava;false
3mvLlG1moB;19991;pera;REZERVISANA;4000.0;REGULAR;EXIT;false
aCM69gelb5;19990;pera;ODUSTANAK;4000.0;REGULAR;EXIT;false
ZPmpYQOa4N;10;bojan;REZERVISANA;400.0;REGULAR;Predstava;false
UCUqSC1NrD;9;pera;ODUSTANAK;1520.0;FAN_PIT;Predstava;false
vFnMMnkBLF;19989;pera;REZERVISANA;7600.0;FAN_PIT;EXIT;false
aEP8fXM50Q;9;pera;REZERVISANA;380.0;REGULAR;Predstava;false
HaNInsDTjl;300;Jovana;REZERVISANA;15000.0;FAN_PIT;Baja Mali Knindza;false
eW0Zny0qCK;299;Jovana;REZERVISANA;15000.0;FAN_PIT;Baja Mali Knindza;false
FmcLtsQZNQ;298;Jovana;REZERVISANA;15000.0;FAN_PIT;Baja Mali Knindza;false
V61Z9M8pGR;297;Jovana;REZERVISANA;15000.0;FAN_PIT;Baja Mali Knindza;false
Fn6bUeeT5v;296;Jovana;REZERVISANA;15000.0;FAN_PIT;Baja Mali Knindza;false
O42TqWWji6;295;pera;REZERVISANA;712.5;REGULAR;Baja Mali Knindza;false
bCvjRpoPIs;100;pera;REZERVISANA;950.0;VIP;Who See;false
